{"cameraMode":{"drawMode":2,"name":"Shaded Wireframe","section":"Shading Mode"},"sceneLighting":false,"audioPlay":false,"sceneViewState":{"showFog":false,"showMaterialUpdate":false,"showSkybox":false,"showFlares":false,"showImageEffects":false,"showParticleSystems":false},"in2DMode":false,"pivot":{"x":0.4124763011932373,"y":1.1034798622131348,"z":3.0785160064697267},"rotation":{"x":-0.2434484213590622,"y":-0.31449073553085329,"z":0.0837952271103859,"w":-0.9136776328086853},"size":0.8696324229240418,"orthographic":false}