{"cameraMode":{"drawMode":0,"name":"Shaded","section":"Shading Mode"},"sceneLighting":true,"audioPlay":false,"sceneViewState":{"showFog":false,"showMaterialUpdate":false,"showSkybox":false,"showFlares":false,"showImageEffects":false,"showParticleSystems":false},"in2DMode":false,"pivot":{"x":-5.060438632965088,"y":6.308277606964111,"z":0.07115906476974487},"rotation":{"x":0.1383763551712036,"y":0.7299470901489258,"z":-0.1551266461610794,"w":0.651125967502594},"size":0.15731342136859895,"orthographic":false}