{"cameraMode":{"drawMode":0,"name":"Shaded","section":"Shading Mode"},"sceneLighting":true,"audioPlay":false,"sceneViewState":{"showFog":false,"showMaterialUpdate":false,"showSkybox":false,"showFlares":false,"showImageEffects":false,"showParticleSystems":false},"in2DMode":false,"pivot":{"x":5.745265960693359,"y":-2.621063709259033,"z":-0.1532687544822693},"rotation":{"x":-0.23389092087745667,"y":-0.6449378728866577,"z":0.2172374129295349,"w":-0.6943761110305786},"size":11.964004516601563,"orthographic":false}